# {"t_start": 1558814329.7096887, "env_id": "Pendulum-v0"} 
r,l,t
-1576.896731,200,0.897929
-1580.593082,200,1.277272
-1492.728512,200,1.650414
-1404.164811,200,2.011854
-1179.475423,200,2.383532
-1509.128242,200,2.768475
-1589.858209,200,3.16014
-1643.717535,200,3.693851
-1714.909727,200,4.044643
-1549.413898,200,4.400898
-1159.779912,200,4.788834
-1550.58625,200,5.209599
-1258.588654,200,5.611383
-1171.016103,200,5.974061
-1405.049431,200,6.36421
-1135.969744,200,6.715997
-1405.465002,200,7.073736
-1501.33373,200,7.431964
-1497.867781,200,7.787389
-1269.777675,200,8.125169
-1525.268615,200,8.551188
-1393.585437,200,8.913858
-1156.07258,200,9.264291
-1396.011314,200,9.636228
-1316.077048,200,10.052397
-1496.686363,200,10.417141
-1549.723659,200,10.776109
-1483.34777,200,11.161722
-638.410391,200,11.624985
-1301.936203,200,12.112077
-1336.767373,200,12.524759
-1198.12502,200,12.910391
-1079.60075,200,13.314107
-825.78188,200,13.673577
-1499.253803,200,14.050026
-1318.7615,200,14.401517
-1162.059221,200,14.753313
-1183.10344,200,15.164139
-1338.152667,200,15.587537
-1405.489643,200,16.019426
-951.83719,200,16.390305
-1302.016014,200,16.761175
-1012.182586,200,17.120074
-1494.320775,200,17.495706
-1064.684064,200,17.842817
-1494.201369,200,18.229743
-1152.016897,200,18.59951
-645.381915,200,18.972648
-1079.718591,200,19.383196
-1192.945766,200,19.787511
-1190.257299,200,20.168926
-1379.086962,200,20.519011
-1190.842542,200,20.880909
-1200.905529,200,21.241252
-1308.483715,200,21.59136
-1371.417024,200,21.966379
-1349.428039,200,22.341775
-1175.263138,200,22.693076
-1057.996361,200,23.06753
-1345.541599,200,23.43111
-1081.420771,200,23.796768
-1052.60038,200,24.170121
-1260.250517,200,24.512099
-1500.715283,200,24.869645
-1039.216197,200,25.226886
-1282.448916,200,25.589682
-1333.469201,200,25.975489
-1486.722038,200,26.386419
-1180.76783,200,26.766019
-1448.804927,200,27.172484
-650.790503,200,27.590471
-626.114815,200,27.990841
-1497.580545,200,28.373865
-1163.900285,200,28.829777
-891.667242,200,29.183187
-1495.131293,200,29.568042
-984.014724,200,29.932439
-1187.875523,200,30.27317
-511.730844,200,30.760294
-1435.308686,200,31.189803
-1498.963505,200,31.633309
-1205.280203,200,32.078971
-1387.070911,200,32.452631
-857.745969,200,32.924222
-1290.165799,200,33.375306
-1079.294651,200,33.842534
-909.219691,200,34.271352
-1337.45171,200,34.67003
-1173.153909,200,35.063674
-1199.178423,200,35.502131
-339.137439,200,35.974423
-1513.539055,200,36.386092
-1189.706456,200,36.778549
-1403.307783,200,37.202938
-1262.616258,200,37.628106
-997.20643,200,38.084085
-509.655711,200,38.477549
-145.790644,200,38.877353
-1493.585485,200,39.283291
-1154.0938,200,39.730669
-1182.635118,200,40.174177
-651.993472,200,40.574263
-1501.892672,200,40.989512
-508.906396,200,41.425063
-1213.824306,200,41.842547
-952.954486,200,42.247581
-1367.97119,200,42.637369
-1476.195144,200,43.030808
-388.556045,200,43.478203
-1434.807245,200,43.922989
-515.424732,200,44.384071
-1275.196264,200,44.807244
-390.747916,200,45.247667
-748.849831,200,45.675421
-396.565442,200,46.077382
-1178.16924,200,46.499683
-1155.136156,200,46.88682
-611.500009,200,47.380591
-787.910193,200,47.839921
-846.257475,200,48.267746
-1332.826329,200,48.660322
-1493.085738,200,49.029974
-9.119884,200,49.426559
-1422.97482,200,49.835843
-1402.137433,200,50.251338
-133.954069,200,50.699482
-1179.2447,200,51.174625
-1468.739625,200,51.621385
-1206.002031,200,52.020973
-1510.875668,200,52.407956
-1278.097217,200,52.897323
-129.447197,200,53.32773
-126.151128,200,53.757957
-1155.491083,200,54.162546
-1497.632364,200,54.571568
-1.093148,200,55.01225
-1492.739954,200,55.439771
-135.092841,200,55.831225
-237.893103,200,56.227232
-1495.556998,200,56.623145
-1499.924185,200,57.0605
-1516.117976,200,57.475336
-0.692746,200,57.850857
-948.501089,200,58.206801
-1347.370198,200,58.618277
-2.030482,200,58.989111
-952.952949,200,59.387841
-1054.671962,200,59.794558
-141.905931,200,60.131313
-1036.458124,200,60.465383
-128.474139,200,60.857662
-918.777033,200,61.241681
-1338.556583,200,61.628869
-1.505148,200,61.996699
-257.475373,200,62.364171
-1498.293412,200,62.743399
-1215.494805,200,63.206448
-1495.150213,200,63.610236
-1165.802593,200,64.046495
-1517.29295,200,64.431305
-132.894414,200,64.850345
-1193.851003,200,65.222163
-126.672235,200,65.600626
-131.297906,200,65.983136
-3.739285,200,66.355548
-1269.360543,200,66.691978
-1203.973551,200,67.045689
-1243.913368,200,67.430528
-1220.201178,200,67.81434
-131.000952,200,68.196372
-1508.709841,200,68.616191
-1141.17937,200,68.972235
-1065.814774,200,69.324951
-1512.407006,200,69.659055
-1066.956387,200,70.0119
-1388.195809,200,70.367423
-129.036446,200,70.733775
-1196.136607,200,71.106493
-1497.194373,200,71.490039
-855.367481,200,71.867058
-113.968427,200,72.275523
-1424.018942,200,72.641917
-1151.819342,200,73.142586
-994.275178,200,73.527689
-1493.950606,200,73.918643
-924.471478,200,74.340319
-1503.445919,200,74.717135
-955.073938,200,75.155847
-120.287348,200,75.595769
-237.216728,200,76.055464
-127.955687,200,76.506265
-1334.338683,200,76.929765
-949.122914,200,77.349405
-7.738087,200,77.720519
-376.579374,200,78.114223
-1501.120986,200,78.471587
-136.21369,200,78.887584
-113.488885,200,79.277488
-138.277532,200,79.697733
-1218.444386,200,80.114435
-1269.169422,200,80.539001
-1289.485625,200,80.939161
-252.342554,200,81.349364
-1271.094917,200,81.757469
-269.680265,200,82.133481
-4.444798,200,82.494401
-134.192387,200,82.859651
-388.403777,200,83.245346
-942.500682,200,83.637474
-1018.327269,200,84.027918
-675.244781,200,84.509321
-118.643677,200,84.952024
-1401.569256,200,85.372076
-123.474542,200,85.76566
-968.19818,200,86.167751
-12.391075,200,86.554181
-1308.167692,200,86.98808
-1048.879272,200,87.42849
-1447.254082,200,87.829042
-0.601803,200,88.188841
-1472.327731,200,88.590774
-920.780829,200,88.951634
-1457.887018,200,89.349267
-128.73709,200,89.770431
-1501.676633,200,90.159768
-1065.282814,200,90.532641
-1507.955803,200,90.958014
-1185.448992,200,91.360215
-1415.108748,200,91.746183
-119.395182,200,92.118954
-1350.698654,200,92.603328
-126.414843,200,92.972603
-1492.323022,200,93.383948
-0.272537,200,93.781841
-485.930197,200,94.215298
-240.517749,200,94.622778
-126.519919,200,95.004436
-117.189998,200,95.399011
-816.50929,200,95.812367
-1512.662953,200,96.250848
-1512.759023,200,96.75989
-128.22456,200,97.194141
-1311.450628,200,97.615208
-3.414886,200,98.030158
-1255.199397,200,98.443162
-1492.366394,200,98.90943
-1497.951695,200,99.326471
-1515.980504,200,99.719639
-1489.64365,200,100.116023
-118.804889,200,100.48434
-886.652075,200,100.997137
-1504.735048,200,101.37812
-2.377896,200,101.772329
-119.397188,200,102.144962
-10.405484,200,102.512864
-1364.052171,200,102.887381
-981.301946,200,103.268224
-1322.830833,200,103.648967
-1518.440083,200,104.02368
-241.132336,200,104.385735
-944.328213,200,104.865389
-132.001886,200,105.3226
-130.501205,200,105.687161
-1499.437979,200,106.055382
-1240.108022,200,106.432046
-1455.317106,200,106.795058
-647.189349,200,107.180391
-1229.250558,200,107.55912
-1495.572108,200,107.948932
-1388.068011,200,108.290493
-262.724069,200,108.688965
-122.152048,200,109.026683
-124.231637,200,109.376887
-1403.938774,200,109.727517
-1022.461595,200,110.050771
-912.74695,200,110.373525
-126.519389,200,110.72874
-910.148548,200,111.106828
-118.769207,200,111.481794
-131.243307,200,111.868305
-388.457413,200,112.308466
-1496.611609,200,112.682159
-1423.22424,200,113.067398
-1523.571765,200,113.536141
-1191.05266,200,113.91358
-1170.254354,200,114.368176
-1508.784652,200,114.72562
-0.797077,200,115.115023
-0.181626,200,115.469295
-1096.169854,200,115.828511
-120.284537,200,116.262952
-1248.054546,200,116.599202
-124.484765,200,116.9144
-120.246813,200,117.246653
-120.980032,200,117.704522
-1486.959436,200,118.121596
-1370.560688,200,118.48103
-1488.278932,200,118.853707
-1022.975494,200,119.226591
-1490.98255,200,119.622357
-1037.289547,200,120.073471
-1297.87264,200,120.452094
-1325.739272,200,120.919753
-1261.076,200,121.361324
-901.349645,200,121.77611
-1500.71659,200,122.164122
-1262.726351,200,122.550519
-0.845511,200,122.949647
-5.331642,200,123.341074
-1178.975492,200,123.744155
-120.977408,200,124.306901
-1221.881965,200,124.708011
-1346.553819,200,125.12989
-130.899335,200,125.551089
-1450.977428,200,126.002189
-1390.752338,200,126.437693
-1.522567,200,126.937709
-581.072333,200,127.354471
-1520.935299,200,127.787004
-1376.841283,200,128.21348
-119.560968,200,128.787844
-1495.010349,200,129.299344
-1196.434376,200,129.761613
-122.465646,200,130.189821
-1.637877,200,130.652675
-1332.058131,200,131.138724
-1449.339083,200,131.605991
-1311.756664,200,132.032246
-1493.673564,200,132.475136
-127.981311,200,132.918266
-1036.26085,200,133.421433
-2.253811,200,133.839374
-1026.454175,200,134.243433
-114.292525,200,134.663111
-1042.87772,200,135.108164
-2.735062,200,135.539223
-1206.132628,200,135.99276
-495.550695,200,136.436168
-1.454714,200,136.875441
-1494.916503,200,137.336848
-1312.087808,200,137.925238
-1497.121944,200,138.422682
-1493.332246,200,138.84057
-1410.640376,200,139.289446
-1247.154144,200,139.704691
-912.194865,200,140.096407
-1495.885178,200,140.510962
-725.809355,200,140.917357
-1081.0177,200,141.303361
-0.708037,200,141.649491
-1320.473487,200,142.088985
-1251.193742,200,142.482574
-1428.749729,200,142.874148
-129.303017,200,143.262141
-1221.009039,200,143.679305
-115.034055,200,144.069851
-1452.920998,200,144.405767
-1384.185127,200,144.741714
-1500.222059,200,145.076848
-955.001858,200,145.411185
-120.914834,200,145.854842
-133.341626,200,146.190183
-1466.643746,200,146.524789
-1375.90997,200,146.866812
-127.784527,200,147.213517
-1389.927173,200,147.557225
-1059.801619,200,147.947012
-0.293591,200,148.352855
-121.571624,200,148.707822
-1334.460334,200,149.048024
-1423.46213,200,149.51803
-1054.42222,200,149.905975
-1431.612183,200,150.276854
-114.422658,200,150.662858
-1496.086954,200,151.076952
-1339.405002,200,151.491293
-127.67298,200,151.866303
-1302.952698,200,152.267285
-1409.700452,200,152.671324
-1.752135,200,153.120031
-125.205296,200,153.650969
-1498.316045,200,154.038812
-127.483826,200,154.403665
-1188.87948,200,154.783793
-948.109058,200,155.156981
-4.26576,200,155.540365
-1296.537419,200,155.928126
-1245.262096,200,156.279613
-129.013068,200,156.654484
-1264.079676,200,157.060163
-117.360035,200,157.561814
-1514.215058,200,157.897561
-1505.294361,200,158.271633
-4.919671,200,158.726188
-1405.5707,200,159.170704
-1520.15347,200,159.545644
-1499.729151,200,159.945249
-1048.39929,200,160.341398
-1501.831937,200,160.719068
-1069.47798,200,161.130575
-1173.217721,200,161.589848
-1017.483397,200,161.941275
-239.425202,200,162.297647
-116.878413,200,162.643938
-120.791797,200,162.992743
-120.360296,200,163.371243
-839.99945,200,163.763288
-1131.812546,200,164.189842
-120.286079,200,164.573837
-121.190755,200,164.943978
-1495.673012,200,165.440315
-1497.657087,200,165.850733
-4.387808,200,166.188367
-773.608636,200,166.533479
-1493.069582,200,166.883003
-120.179186,200,167.253317
-1376.638184,200,167.612009
-119.378946,200,167.983373
-1105.335951,200,168.386251
-1447.61733,200,168.758705
-1179.403314,200,169.226327
-1498.338179,200,169.57244
-126.519869,200,169.91064
-1.687395,200,170.241483
-1231.064251,200,170.586494
-1495.690646,200,170.990805
-773.657249,200,171.379352
-1.119591,200,171.738047
-128.39819,200,172.137982
-126.100869,200,172.48648
-944.333014,200,172.968493
-1400.866707,200,173.360095
-1330.956058,200,173.739632
-874.669293,200,174.184657
-1064.250666,200,174.568785
-123.970418,200,174.948562
-1.331725,200,175.359091
-706.720998,200,175.79886
-1336.398342,200,176.239822
-943.92374,200,176.698527
-1.132073,200,177.241751
-1081.429592,200,177.621809
-6.140258,200,178.02001
-1168.170535,200,178.384724
-1100.568981,200,178.746037
-961.507161,200,179.146284
-5.189593,200,179.580591
-128.621114,200,179.995416
-1348.321374,200,180.383388
-1188.661093,200,180.773828
-238.393064,200,181.350582
-961.977256,200,181.748146
-1485.644293,200,182.215429
-894.815689,200,182.683082
-3.845315,200,183.11102
-1.900503,200,183.450014
-948.28654,200,183.804073
-122.740692,200,184.288247
-1234.948455,200,184.744832
-5.805973,200,185.14199
-130.470234,200,185.655987
-1442.519987,200,186.024984
-125.181324,200,186.36039
-1186.348897,200,186.69173
-1286.571625,200,187.084475
-122.142639,200,187.495852
-943.592883,200,188.073255
-126.565206,200,188.648516
-0.111925,200,189.239044
-1281.941051,200,189.727077
-1495.86822,200,190.228132
-123.593901,200,190.592912
-1174.07553,200,190.921289
-120.89604,200,191.282596
-1239.649451,200,191.709078
-120.778023,200,192.203198
-3.683374,200,192.600698
-1322.051205,200,192.987446
-1061.326483,200,193.349557
-945.785581,200,193.748426
-1113.006671,200,194.238798
-1418.260974,200,194.590716
-1494.026206,200,194.954375
-1509.277606,200,195.345233
-1491.561658,200,195.686294
-1.024405,200,196.007667
-6.387477,200,196.373895
-899.494935,200,196.779034
-1317.517704,200,197.253456
-121.812774,200,197.754436
-125.539746,200,198.258467
-1071.925238,200,198.621902
-1183.733844,200,199.00048
-118.073249,200,199.358045
-127.32533,200,199.801088
-117.555765,200,200.190408
-954.257543,200,200.594376
-126.245798,200,201.004294
-1399.383563,200,201.393274
-118.545,200,201.866726
